{"acc": [0.17977247156825926, 0.36423302921060774, 0.45911989021724514, 0.5255656959429609, 0.5888861107265879, 0.6459557443935434, 0.6874609327879618, 0.7236529567462532, 0.7639079883644351, 0.7926615828170614, 0.8212276535684547, 0.8436679583234271, 0.8640455057552746, 0.8842355292623438, 0.8967995999947028, 0.9078634829651729, 0.9178647331214425, 0.92680335021016, 0.9346168269320031, 0.9373046628667915], "loss": [2.482720968857126, 1.8111031338160806, 1.5254203851468295, 1.3334999709952577, 1.1747620502610938, 1.028306329014868, 0.910489647101426, 0.7990772310741724, 0.6926062719451441, 0.6053100544030197, 0.5284283298047606, 0.4547036309356406, 0.39530431146412465, 0.35101701686390935, 0.3124382439732984, 0.2864528545451501, 0.2689029281363515, 0.23253568328273402, 0.2110771099572361, 0.19746469955270568], "val_acc": [0.31432858202629727, 0.41285321340766007, 0.47611902963820024, 0.5221305324841095, 0.5926481618616515, 0.5946486622549707, 0.6359089770654525, 0.6181545387091831, 0.6311577892685032, 0.6516629155649785, 0.6194048510637543, 0.6759189795809825, 0.6599149788043057, 0.6611652913824503, 0.6739184796795246, 0.6904226054725542, 0.6859214801912339, 0.691422855773548, 0.6086521628619015, 0.6934233558985793], "val_loss": [2.0693924828570136, 1.6676891184532812, 1.4291198787822756, 1.3703998570204914, 1.2014138550125202, 1.1582618947624117, 1.084282479515133, 1.1420623575725923, 1.1228945263775327, 1.0767174454354203, 1.2957374121910872, 1.0875151016826061, 1.1794236936578752, 1.2198090959143775, 1.1988884396748591, 1.1423017108222788, 1.2188187435615894, 1.2106881470315365, 1.9360496430255139, 1.2811796181975201]}