{"acc": [0.15576947127331614, 0.31291411430899213, 0.39404925619427716, 0.4591198900048771, 0.5103762972457719, 0.5486935866908857, 0.5891986500324198, 0.622827853623264, 0.6612076511650119, 0.6928991122996305, 0.7202775348259637, 0.749718714943676, 0.7764095512833173, 0.7991623953962821, 0.8208526064193402, 0.8472934117435231, 0.8633579197846766, 0.8774846856676648, 0.8924865608499085, 0.8996749592581486], "loss": [2.575091575172368, 1.976765253362335, 1.7211825594423353, 1.537938368083507, 1.4039054491889822, 1.2976416396057475, 1.18605121525694, 1.0877983732914416, 0.9880405925544952, 0.8998128060982188, 0.8128443581191491, 0.7336152576777261, 0.6554757561411227, 0.5880445230825347, 0.5323704726577685, 0.46273209056059617, 0.4139050880861753, 0.37005047473866937, 0.340400396302158, 0.3150913877134875], "val_acc": [0.22380595142079998, 0.33358339574462803, 0.33258314567465996, 0.45586396587971123, 0.45911477859033945, 0.4981245312371174, 0.5258814704570213, 0.5321330333626488, 0.5238809701233216, 0.550637659519188, 0.5376344086915799, 0.5688922231451933, 0.5688922231302884, 0.5271317830202609, 0.566141535234797, 0.5968992246571527, 0.5738934734279616, 0.5668917230052571, 0.5933983494532529, 0.47636909215382917], "val_loss": [2.222428919524364, 1.8755402925700717, 1.9463157877381905, 1.5154973368371656, 1.5190686948241576, 1.4388763621080574, 1.349023764477458, 1.3438541796780372, 1.4161966450067125, 1.3431870854476238, 1.4392220397447462, 1.3356466970314946, 1.375655423942045, 1.580964291027171, 1.5090756995524726, 1.3664551813264405, 1.485167609867259, 1.6136765040645422, 1.515222325119921, 2.4955581047440147]}