{"acc": [0.20721340175717604, 0.4301787725328311, 0.5440680086798989, 0.6185773223292039, 0.6662707837287568, 0.7052131515470859, 0.7377797223311809, 0.7720340043324979, 0.8050381296171906, 0.8256657080644965, 0.8466058257878282, 0.8673584196459936, 0.883797974813907, 0.899237404712842, 0.9127390922449696, 0.9248031001863576, 0.9299287408765428, 0.9296162018240623, 0.9415551942055606, 0.9396174522038773], "loss": [2.4008698304871765, 1.636818289250072, 1.3131394374369085, 1.1127323513031602, 0.9680599804922467, 0.8565024928176891, 0.757530079161857, 0.6616724533637712, 0.5716281262602355, 0.5009086911403204, 0.449080141533433, 0.3886711590400948, 0.34330962250897074, 0.30059990005532505, 0.2731738359365691, 0.23755782707577452, 0.21913204685734694, 0.214369735200713, 0.18252701322456227, 0.18331268585865343], "val_acc": [0.30482620647711345, 0.5063765939845833, 0.5603900973604273, 0.6026506627401909, 0.6279069768038056, 0.6536634158837733, 0.6809202300873242, 0.683170792504411, 0.6876719180242096, 0.681420355118582, 0.7031757937547236, 0.694173543177178, 0.6896724181492407, 0.7191797947400688, 0.6846711675981845, 0.7066766691971016, 0.7159289822753712, 0.721430357634112, 0.6591647912425141, 0.7061765441807487], "val_loss": [1.9485398354486216, 1.3914779137897324, 1.2643297033239584, 1.1634576570603155, 1.076446919925334, 1.0452117909637502, 0.9839128170960783, 1.0201373114216832, 0.9787041962623716, 1.0746349181032502, 0.969964595504569, 1.0902232321523733, 1.1110630171482012, 1.0156660502584138, 1.203309339459284, 1.1503703668508627, 1.1871837417344266, 1.1202404429895279, 1.6699516464692707, 1.2982220662388393]}