{"acc": [0.19546193285336538, 0.412489061095384, 0.5365045632790262, 0.6213901737121094, 0.6874609327358012, 0.7322790349836811, 0.7765970744778475, 0.8077259658276849, 0.8377297163262994, 0.8647330917035182, 0.8867358417790567, 0.9035504438278302, 0.9163645455905506, 0.926865858247182, 0.9331166393787567, 0.9361170146566344, 0.9421177647354931, 0.9464933117012155, 0.9484935617399209, 0.9513064130930203], "loss": [2.4523746467766308, 1.6773322822004724, 1.3219592362914268, 1.0974326312266256, 0.9178009438267319, 0.785372205496818, 0.6640346639751569, 0.564146421256401, 0.4782736089575632, 0.40800942545205987, 0.348817582206214, 0.2920106907575067, 0.2591618721258463, 0.23251992386010964, 0.2107622165883507, 0.20332299668217527, 0.18385481164148113, 0.1694743712181776, 0.1631766751451423, 0.1579387597753668], "val_acc": [0.2920730181651343, 0.5061265314987642, 0.5646411603944067, 0.6094023504236932, 0.6719179795693981, 0.6894223556634217, 0.6829207302570701, 0.7114278570238606, 0.6581645412247131, 0.7156789195510739, 0.7149287320041872, 0.707426856788703, 0.7344336084468152, 0.7156789195510739, 0.7156789197746471, 0.7241810453209349, 0.729182295633513, 0.6991747937580441, 0.686171542945341, 0.7196799200247097], "val_loss": [2.0004226171722945, 1.4492945088598543, 1.2029769958690215, 1.1011209510570468, 0.9890082994232359, 0.9255565064613388, 0.9770698128535945, 0.9186754388998795, 1.1674798850895136, 0.9423032724192573, 0.9902853540075692, 1.0493778940676808, 1.0132046257534395, 1.0832605037906224, 1.187501744766121, 1.148022321409868, 1.1874525397978715, 1.4271258615976454, 1.5279286753150576, 1.3698276071495996]}