{"acc": [0.20465058137110015, 0.4381797725199938, 0.573509188618775, 0.6640830105104243, 0.7168396050623915, 0.7620952619897051, 0.7927865981832118, 0.8261032629823786, 0.8484185521551066, 0.8700462555956849, 0.8909863731103743, 0.9060507563818007, 0.9169896237253174, 0.9288661080474391, 0.9341167643943836, 0.9375546941206983, 0.9437429676548901, 0.9476809601498211, 0.9465558192836954, 0.9509938740181855], "loss": [2.425857609950806, 1.5901512831415976, 1.2298352421634062, 0.9954324662871682, 0.8350534632602682, 0.7066593483353066, 0.6094169430187872, 0.5105925791560747, 0.4441925629010304, 0.37422790702379766, 0.3241029155859427, 0.2753522031261617, 0.24853143975807437, 0.22018465376828728, 0.21062838428951022, 0.1945313314714794, 0.1808557331334771, 0.1606830742500293, 0.16487326935270843, 0.1512121250348801], "val_acc": [0.35833958482915207, 0.4578644660270998, 0.5818954737343232, 0.6481620405995568, 0.6664166040168937, 0.6726681669076164, 0.6921730431117663, 0.7244311076278953, 0.723680920304582, 0.7271817955233867, 0.7424356087382717, 0.7391847962735743, 0.7331832956600022, 0.7474368590508499, 0.7334333583992044, 0.7329332331443733, 0.7396849212899271, 0.736934233632914, 0.7289322328943107, 0.7449362338945609], "val_loss": [1.8068950929233927, 1.5544550280536404, 1.186533560213908, 1.0361593686273378, 1.0216517011115895, 1.027193042539781, 0.9568894486273488, 0.87192263556111, 0.9245023641266743, 0.9093410226219026, 0.9125826949028708, 0.9392804912878114, 0.9941661501860851, 0.9941445321373774, 1.1308342298587342, 1.0796763132619511, 1.063793993616259, 1.1769481402511863, 1.1907980591990286, 1.181019219645085]}